{"loss":{"0":3.4251194,"1":3.242628336,"2":3.129573822,"3":3.1610105038,"4":3.0607831478,"5":3.1057949066,"6":2.8834457397,"7":2.9190940857,"8":2.8188197613,"9":2.7784328461,"10":2.7456598282,"11":2.8185005188,"12":2.5856544971,"13":2.6102216244,"14":2.6504409313,"15":2.5139634609,"16":2.3510136604,"17":2.3558514118,"18":2.2905213833,"19":2.2059681416,"20":2.2666375637,"21":2.3276917934,"22":2.2755949497,"23":2.0473151207,"24":1.9042454958},"accuracy":{"0":0.015625,"1":0.125,"2":0.1875,"3":0.1041666642,"4":0.15625,"5":0.1458333284,"6":0.265625,"7":0.2291666716,"8":0.3125,"9":0.3125,"10":0.21875,"11":0.2083333284,"12":0.3333333433,"13":0.25,"14":0.2708333433,"15":0.2708333433,"16":0.375,"17":0.4375,"18":0.5416666865,"19":0.3958333433,"20":0.4166666567,"21":0.2916666567,"22":0.3125,"23":0.4375,"24":0.5416666865},"val_loss":{"0":3.2913661003,"1":3.2820997238,"2":3.3170428276,"3":3.3014206886,"4":3.2474806309,"5":3.2348790169,"6":3.2790603638,"7":3.272285223,"8":3.2576360703,"9":3.2496123314,"10":3.2461719513,"11":3.1857931614,"12":3.119279623,"13":3.0701603889,"14":2.9303379059,"15":2.7600393295,"16":2.5851461887,"17":2.5935335159,"18":2.6399171352,"19":2.591278553,"20":2.6359055042,"21":2.4921236038,"22":2.2587690353,"23":2.2284758091,"24":2.2059650421},"val_accuracy":{"0":0.0740740746,"1":0.1481481493,"2":0.0740740746,"3":0.1111111119,"4":0.0740740746,"5":0.1111111119,"6":0.1111111119,"7":0.1111111119,"8":0.1111111119,"9":0.0740740746,"10":0.1111111119,"11":0.1111111119,"12":0.1111111119,"13":0.1111111119,"14":0.1851851791,"15":0.3333333433,"16":0.4814814925,"17":0.407407403,"18":0.2222222239,"19":0.2592592537,"20":0.1481481493,"21":0.3703703582,"22":0.407407403,"23":0.555555582,"24":0.5185185075}}