{"loss":{"0":3.4194133282,"1":3.297547102,"2":3.2523238659,"3":3.1402375698,"4":3.0709755421,"5":3.0516166687,"6":2.988861084,"7":3.0665645599,"8":3.0367972851,"9":2.9323179722,"10":2.888954401,"11":2.9206769466,"12":2.8205835819,"13":2.848678112,"14":2.7960016727,"15":2.6762571335,"16":2.6071419716,"17":2.597946167,"18":2.480132103,"19":2.4738557339,"20":2.2406003475,"21":2.3584222794,"22":2.2107963562,"23":2.160204649,"24":2.0376746655},"accuracy":{"0":0.0625,"1":0.0625,"2":0.0833333358,"3":0.125,"4":0.125,"5":0.1041666642,"6":0.25,"7":0.171875,"8":0.1458333284,"9":0.1666666716,"10":0.1875,"11":0.2291666716,"12":0.1458333284,"13":0.140625,"14":0.1666666716,"15":0.25,"16":0.390625,"17":0.375,"18":0.3958333433,"19":0.375,"20":0.4375,"21":0.34375,"22":0.4375,"23":0.4583333433,"24":0.5416666865},"val_loss":{"0":3.5077824593,"1":3.5330715179,"2":3.5888061523,"3":3.5312626362,"4":3.4428384304,"5":3.4076342583,"6":3.3974196911,"7":3.4024887085,"8":3.3750054836,"9":3.3690929413,"10":3.3690338135,"11":3.3546767235,"12":3.317584753,"13":3.2689330578,"14":3.2449598312,"15":3.2260651588,"16":3.2267506123,"17":3.2062795162,"18":3.1190624237,"19":3.0171046257,"20":2.9574530125,"21":2.8887798786,"22":2.8647031784,"23":2.8202302456,"24":2.8055398464},"val_accuracy":{"0":0.0370370373,"1":0.0370370373,"2":0.0370370373,"3":0.0370370373,"4":0.0370370373,"5":0.1481481493,"6":0.1481481493,"7":0.1481481493,"8":0.1481481493,"9":0.1481481493,"10":0.1851851791,"11":0.0740740746,"12":0.1481481493,"13":0.1481481493,"14":0.3333333433,"15":0.3333333433,"16":0.2592592537,"17":0.2222222239,"18":0.3333333433,"19":0.407407403,"20":0.407407403,"21":0.407407403,"22":0.4814814925,"23":0.4444444478,"24":0.5185185075}}